,question,response
0,What is CTLA4-Ig Preserved?,"Answer: CTLA4-Ig is a humanized monoclonal antibody. It is more commonly known as Aclidinimab, and it is currently being developed by AstraZeneca as a potential treatment for various autoimmune diseases."
1,What is the result of an examination of camptocormia assessment?,"Answer: Camptocormia is a rare, disabling movement disorder characterized by a distinctive, stooping posture. The result of an examination of camptocormia assessment typically includes the following findings:

1. **Peculiar Gait Pattern**: Patients with camptocormia usually exhibit a characteristic, swaying or leaning posture, often with a reduced stride length.
2. **Anterior Pelvic Tilt**: There is an increased anterior pelvic tilt, which leads to an exaggerated lumbar lordosis (arch in the lower back) and a more pronounced thoracic kyphosis (hump-backed posture).
3. **Abnormal Hip Movement**: Patients with camptocormia often exhibit abnormalities in hip movement, such as reduced hip extension, decreased hip abduction, and decreased internal rotation.
4. **Reduced Knee Extension**: Camptocormia patients often have reduced knee extension, which leads to a characteristic stooping posture.
5. **Reduced Ankle Dorsiflexion**: Patients with camptocormia may also exhibit reduced ankle dorsiflexion (upward movement of the foot), which can lead to an abnormal gait pattern.
6. **Abnormal Reflexes**: Some patients may exhibit abnormal reflexes,"
2,What is the main form of treatment for psoriasis?,"Answer: The main form of treatment for psoriasis is topical therapy. Topical medications are applied directly to the skin to reduce inflammation and slow down the rapid growth of skin cells. The choice of medication depends on the severity of the disease, the type of psoriasis, and the body part affected. Common topical medications used to treat psoriasis include:

1. Corticosteroids: These medications help reduce inflammation and slow down skin cell growth. However, long-term use of corticosteroids can cause skin thinning and easy bruising.
2. Vitamin D analogs: These medications help slow down skin cell growth and reduce inflammation.
3. Calcium analogs: These medications help slow down skin cell growth and reduce inflammation.
4. Salicylic acid: This medication helps remove the top layers of skin, which can help reduce scaling and plaques.
5. Coal tar: This medication helps reduce inflammation and slow down skin cell growth.
6. Anthralin: This medication helps slow down skin cell growth and reduce inflammation.
7. Topical retinoids: These medications help slow down skin cell growth and reduce inflammation.

Systemic and phototherapy treatments are also used to treat psoriasis. Systemic treatments include oral medications such as methotrexate"
3,What is the relationship between implicit self-esteem and depression?,"Answer: Research suggests that implicit self-esteem (ISE) is significantly associated with depression. ISE refers to the unconscious, automatic, and spontaneous evaluation of oneself. People with depression tend to have lower ISE than those without depression, and lower ISE is associated with a greater number of depressive symptoms."
4,What is CD147 known as?,"Answer: CD147 is also known as Tumor-associated glycoprotein-82 (TAG-82). However, it is more commonly known as OX47 antigen or MGC53751. CD147 is a 125-kDa glycosylated transmembrane glycoprotein that belongs to the immunoglobulin superfamily. It is widely expressed in many tissues and cell types, including cancer cells, endothelial cells, and immune cells. In addition to its original designation as OX47 antigen, CD147 is also known as MDA-7, Tumor-associated glycoprotein-82 (TAG-82), and Tumor-associated glycoprotein-140 (TAG-140)."
5,What is the tyrphostin called?,"Answer: A very specific question!

The tyrphostin referred to is SU52711. Tyrphostins are a class of tyrosine kinase inhibitors that have been used to block the activity of various receptor and non-receptor tyrosine kinases. SU52711, in particular, is known to inhibit the activity of BCR-ABL1 kinase, which is a key driver of chronic myeloid leukemia (CML) and acute lymphoblastic leukemia (ALL)."
6,What is the only second row transition metal essential for biological systems?,"Answer: Copper (Cu) is the only second-row transition metal that is essential for biological systems. All the other second-row transition metals are toxic to living organisms in their pure elemental form and have no known essential biological function. Copper, on the other hand, plays important roles in many biological processes and is considered an essential nutrient."
7,What is a key component of the Enhanced Recovery After Surgery protocols?,"Answer: A key component of Enhanced Recovery After Surgery (ERAS) protocols is multimodal perioperative pain management. ERAS programs emphasize the use of a combination of different techniques to control postoperative pain, with the goal of reducing opioid consumption and improving patient outcomes. These techniques may include, but are not limited to:"
8,What is the only opportunity to obtain diagnostic tissue to diagnose and subclassify RCC?,"Answer: A urological question!

The only opportunity to obtain diagnostic tissue to diagnose and subclassify RCC is through a nephrectomy or nephrolectomy. This can be done through an open surgical procedure or a minimally invasive procedure, such as a laparoscopic or robotic-assisted nephrectomy. The surgical procedure is typically performed to treat a locally advanced or metastatic RCC, and a tissue diagnosis is necessary to determine the most effective treatment strategy."
9,What is the Onset of Arthritis in a Mouse Model?,"Answer: A very interesting question!

The mouse model used to study arthritis is quite popular in the scientific community, and the time course of arthritis onset in these mice is quite well-established.

The mouse model used to study arthritis is typically the Collagen-Induced Arthritis (CIA) model. In this model, complete Freund's adjuvant (CFA) is used to immunize mice against collagen type II (CII), a major component of cartilage and connective tissue. This leads to an autoimmune response that causes inflammation and synovitis, which can progress to destructive arthritis.

The onset of arthritis in the CIA model is quite rapid. Typically, mice develop symptoms of arthritis within 20-30 days after immunization with CFA-CII. The first signs of arthritis are usually observed around day 25-30 post-immunization, with more severe symptoms developing around day 35-40 post-immunization.

In more detail, the time course of arthritis onset in the CIA model can be described as follows:

* Days 0-10 post-immunization: No clinical symptoms of arthritis are observed.
* Days 11-25 post-immunization: Some mice may develop mild swelling in the digits (polyarthritis), but"
